"company_id","profit","income","outcome","number_accounts","coeff","p_value"
"00415952-3309-4e6b-af4b-b1c02dc2d08b","82.0575226977951","5807.8134375","5725.7559148022","1","-0.731326974390574","0.851441822701075"
"009f7f82-f9be-470a-8df0-1e2043829cd5","97.2376673796159","36008.99875","35911.7610826204","4","-58.8810109333886","0.0101242598356239"
"00c0d1bb-f1fa-4b19-bd3c-d0aa04fdbf69","-215.075508101163","84927.3138946324","85142.3894027335","7","21.719233921558","0.0360183067178272"
"02246f3d-262e-4fa6-9db6-b98df684b210","7291.79957433073","701048.644715271","693756.845140941","7","-1577.85413297592","0.000633721866032942"
"0245c701-833d-419c-9ad4-64bff731a0b6","7419.58445137339","12404.0591534392","4984.47470206576","5","-20.4391706159341","0.102260524628482"
"0301a508-35e1-4202-a969-c46d19209a27","2157.01415787781","142236.992","140079.977842122","3","-249.842216087293","0.118742964879591"
"031b016e-2b68-4358-8b9d-73c77e715f6d","141958.515992115","245708.236666667","103749.720674551","10","-865.690881185998","0.161622589500163"
"0458a125-7a87-4403-9d41-d55e36f7610b","7037.66175543744","12721.8819230769","5684.22016763948","4","8.95611575855953","0.186646772273716"
"0522d377-b889-4398-8582-e92aebd0aabe","118.887289780954","58582.1423467306","58463.2550569497","16","-129.508666698967","2.06822850652098e-06"
"05a27638-6b0b-475c-bc65-a51d96cc3ae9","12086.6293896273","371007.249288383","358920.619898755","38","-943.388601479706","0.00711878700231913"
"0889e065-65c1-4867-8d21-7471436b255f","9835.40844025432","564700.689258624","554865.28081837","25","-3720.00788607098","0.592790688362288"
"08ec17e2-a98b-4ef7-8c49-aac18add4164","3000.91325170605","10145.8423493761","7144.92909767007","11","-13.1612872178949","0.0305108331321484"
"09129b4b-4085-4921-a38b-dfa77c9bf763","1238.3736436475","32782.5708243451","31544.1971806976","5","-178.986083673588","1.66483647237447e-07"
"09402c27-7af6-4828-9cf6-57cb7130d0b4","13662.0346862235","740325.419090498","726663.384404274","21","-2762.24284222795","0.00133769715402505"
"09906136-5446-48cf-a03c-2488e1e94f05","379.206551606523","38249.4907137377","37870.2841621312","15","-141.561422778298","2.73445437702177e-11"
"09b12f27-b908-42a0-93e3-480c2d52131a","470.309010543691","285873.374225593","285403.065215049","9","-346.977239371136","0.00354529180411292"
"09daad3f-3356-4e2c-8ad7-3abd39034438","2520.65571853907","145165.642343501","142644.986624962","10","148.306084213282","0.386276095134738"
"0a614ec6-d6f7-4b22-84f5-453b13f468df","113.802005970584","18466.656","18352.8539940294","2","-126.842954777298","0.0597732636501981"
"0a6db64d-5fe6-4265-8890-e24c71188e21","147045.915445883","304171.852067766","157125.936621883","19","-114.363322452281","0.147196644495966"
"0ad27534-7d97-4d37-8895-0f84bbcf5c4a","-51.7739181925421","45046.5904225589","45098.3643407514","6","-48.2121784177759","0.00731114068506109"
"0ad8b690-339a-40d3-97e9-37d0323442e4","7114.40577707496","18382.1745110686","11267.7687339937","18","3.38060238230559","0.560460271844898"
"0b0f370e-a0ab-46c7-bd59-43d778f7df03","249.997825884373","185639.240686179","185389.242860294","4","-312.122747233315","0.301460522119617"
"0b0f5ae6-dc14-4863-9cd4-0af17c7593ff","7412.06985641018","67786.4852206155","60374.4153642054","6","33.2402214827468","0.0686213978084951"
"0b17ca4e-db3b-4683-b17b-87e8ae61c8da","-502.922371314507","17703.2113861386","18206.1337574532","2","-234.121324869995","0.142623984432953"
"0b318e38-58b7-40a9-bb80-9cae2fe9b9d9","13985.55201035","56681.6775897129","42696.1255793629","5","-44.4386574125868","0.291133656092273"
"0bb136c6-652f-4d60-ad4a-84306dc3964f","12.1691052631579","289.01625","276.847144736842","1","0.605238933430261","0.708600620097053"
"0bd708ab-65f9-40e9-ae41-3982aac393f4","8408.03260909909","86373.3906138716","77965.3580047725","4","72.3409399994543","0.248938806640667"
"0cb2b14b-4a73-44cc-841d-e5d241aae82b","830.509128903586","27902.9976135402","27072.4884846365","9","-32.306625484796","0.0914514640177056"
"0e161383-62b6-44fb-8214-01e576399ea7","382.781107573726","8211.69655737705","7828.91544980332","3","-12.8249290395886","0.0388307981457076"
"0f6c7229-aa8b-4d35-af7e-e9bef04fb194","1618.78241666818","584262.450291233","582643.667874565","16","-528.568733208571","0.268236438999334"
"0fc15178-9213-4c4f-a703-7ca03bc2daa2","127.722927108966","11205.5607732059","11077.8378460969","3","-48.7889349851707","0.000224686042473906"
"107ef7c8-a710-43b9-bc4c-1d227916d23a","12.4712444444444","400.861428571429","388.390184126984","1","1.53041858815181","0.548033181450003"
"113b3cba-026e-4ec8-87d2-43715cbf0068","-71.3901624047462","17362.8510648148","17434.2412272195","2","-20.1965673830489","0.41480061013253"
"123193d8-66a1-4fd1-b5a4-b8584ec72a82","67.4656305401295","7912.1879076479","7844.72227710777","5","4.81698479085784","0.376819794211808"
"12c39da2-07e7-443f-8331-9f595b72f464","137521.389648815","357623.389632363","220101.999983547","23","-462.308469995635","0.147722894690362"
"12c55c26-40db-4bcb-b074-2c16547c52fb","1051.35814898269","10785.1030400239","9733.74489104121","10","-23.9313339136627","0.13084634790126"
"134e6bf0-e3ce-4dd6-bb23-0b6c74413ec8","16.0415949161598","16669.74","16653.6984050838","3","12.8089201134136","0.426232653302"
"1383e153-1865-4a35-972d-5f2ce7ecd690","439.611161995345","299812.933467917","299373.322305921","6","775.225291781118","4.56214180648741e-05"
"13a57f16-500d-404a-b8dd-ac03eef041d0","26195.2764720341","127011.972727273","100816.696255239","5","-89.4794136729258","0.607466751037522"
"13bb4737-af27-4f0d-ab0c-12caedb80a84","77.3021857923497","2466.41166666667","2389.10948087432","1","18.8983019693226","0.0315269207164094"
"143340b5-c6ba-48d9-b978-d51839020c83","2.62163667876904","1077.07467692308","1074.45304024431","2","-0.638773441577457","0.40141998947675"
"14829c5e-5f92-460d-96eb-9879da99c29a","2547.94487512488","13449.0866873065","10901.1418121816","4","-8.33822152383905","0.0223585034243877"
"14ead1ed-0e99-4a22-91af-4a7dfb6c2465","287.173896468229","4842.20462984724","4555.03073337901","5","-22.3776876385899","0.0597682587427366"
"15628e75-74bd-454e-8b59-b1b0e8b56522","12328.3837119616","234588.522333334","222260.138621371","12","-1329.30316920399","0.432782272596977"
"15b0514f-6ba4-4f8e-baf4-3124989ff2ab","112.709104323308","15859.6176190476","15746.9085147243","2","-14.1688413879115","0.0122701739626986"
"15d007b6-3f6f-4650-be25-659e5db4e447","13.409921875","171.647","158.237078125","1","-1.20019781002413","0.466413593991933"
"160620ca-9dfe-42a6-9eb3-0c8ffd7c1df7","136.355204925055","16040.5752597402","15904.2200548152","2","42.0431031739527","0.00167356326898988"
"1698577b-6cda-484e-a23a-de8a9e9f8435","-361.857743093586","20012.9295833333","20374.7873264269","3","-14.7214021579822","0.777186323175305"
"18bac3b1-0051-47a5-9e8d-ec46d1e9994d","8092.94468430831","39293.6803526474","31200.735668339","18","-15.6238672339183","0.0486092747496571"
"1915bc7d-93e7-428f-a9d3-8e4ae92cc7a1","-0.735841804655195","54471.0738769988","54471.8097188034","15","-60.2150707786907","0.23002527600848"
"1a3dd214-8afe-417c-ac1a-293c176e456e","6799.35791887232","60933.8992118227","54134.5412929503","6","55.7664871665134","0.00850339318259953"
"1b1514e3-b1b1-4128-90ba-d4c152ba7ab8","32429.2618064516","59759.4957692308","27330.2339627792","2","18.5015246621182","0.19949201577679"
"1b1b47b9-bf85-45f7-82da-bd3eb78f1d99","103.059517421986","36607.8384285714","36504.7789111494","4","2.25205221808147","0.900298410113619"
"1b7e69be-3b8e-4879-a749-c440d5d8886e","1920.24299438063","9529.53400377727","7609.29100939664","20","-7.69854783566062","0.282405874670366"
"1ddbb67a-8351-4fe2-a5b3-af2635109f83","114.16704744696","318265.010692308","318150.843644861","7","-546.717698605624","0.00754402409373706"
"1e597c1f-1cf0-4f7e-a5d1-aebcbb613b0d","-878.487672707059","71092.4264369048","71970.9141096119","7","-237.235940072191","0.0753985123833833"
"1ec1a42a-786c-4d7e-90b5-443e11c44893","108.380594059406","729.762666666667","621.382072607261","1","-27.9733611499842","0.019867844960984"
"1ecbbc81-992e-4a6b-a5af-448f1b05c87b","196891.993430348","280958.324913658","84066.3314833102","4","-73.6254418831949","0.522188310690724"
"1f96b601-7584-424c-9cc6-470fb727de33","2792.58715821212","42459.342073913","39666.7549157009","8","-95.2957669884864","0.0150810631572584"
"1fa6cd42-ebeb-4b51-b6b2-22929268d653","210267.804433761","560009.132425214","349741.327991452","11","-508.393863680916","0.16560452970138"
"1ff7592b-7d53-4bc6-868b-9a2c52ed5c71","179.507146596859","54716.2984","54536.7912534031","1","-0.678149834240986","0.988795229400499"
"206f1aec-b5fb-45db-8c06-14a68136a2db","-181.820358232102","10090.3378695652","10272.1582277973","2","-67.2540122149699","0.0711572330875396"
"20d573ad-63ea-4524-b2d8-30daba98a9db","10602.6770082565","21587.144775641","10984.4677673846","5","-30.9929032296342","0.0610415484364415"
"21851a95-5e76-4efd-b322-1d4a04e5f308","-5050.84147516915","2929744.33115125","2934795.17262642","6","213.72669429757","0.86726465518456"
"2262543e-f7e1-41f3-9093-48ddbf78d58b","320.454789416592","25799.625177305","25479.1703878884","3","0.877230520576386","0.960268053715337"
"23103f92-1874-4c6e-bce6-af388faebc13","375.246393927526","38548.3381411765","38173.0917472489","2","-80.5923634636468","0.00545403703480001"
"23283e24-a5f6-4d9a-b7c7-05d034985c55","292.960324382782","109935.183930908","109642.223606526","7","-263.587038071122","9.42019168885266e-09"
"24245116-a3a0-41f8-8d11-987a72bdbc11","-21.8007860676393","7939.04843454791","7960.84922061555","3","-4.17510816236451","0.670672738011887"
"2512eae7-b0bf-47c6-a80e-3470acbac2ff","25.0458331483412","25639.1069393939","25614.0611062456","4","-9.81110079076526","0.686875010047995"
"2586bd35-45fa-47fc-9c55-85ae6ea96a12","-676.782211841604","-15517.2673262195","-14840.4851143779","4","-647.939255768479","1.60943248758809e-06"
"2690fa9b-59ce-4b4d-ba4b-2b64a8b3d57e","1371.63246798413","72974.9241021825","71603.2916341984","4","61.4081227755474","0.29104059700546"
"271e4052-75c1-4d39-8801-3356f5959e7a","-196.751588304321","136346.518713703","136543.270302007","13","-346.1716509733","0.0245292833075751"
"2783814b-d324-4a32-ba37-64b87bbc3138","5.19068804005491","11870.3846666667","11865.1939786266","3","-17.0349681186767","0.192472715079939"
"27a4c486-8e8f-4c65-ae37-3524a3c3db58","1990.36962629163","16331.4984705882","14341.1288442966","5","-12.638728578652","0.772419373815496"
"28142b75-973b-4ef7-b711-590fa683f5d9","-567.720333020232","-206199.880451389","-205632.160118369","6","-222.124302146337","0.187777844286272"
"28cefaa0-1a4e-4521-a3c5-2922dd1def35","2259.24582347077","266056.05285","263796.80702653","9","294.027655929008","0.0594740424920886"
"29a0f1fa-d0ba-4644-80c3-79fbf9942478","57.7016994999603","1076.18172932331","1018.48002982335","2","-4.9788749752196","0.107034681956677"
"29d5cd5f-1be2-4c5f-9754-ae951d243751","67696.320927072","296735.198712134","229038.877785062","8","160.814665132146","0.535326809694596"
"2a7fbb4d-fc2b-4864-9579-c00381ce8b2f","6891.06945464145","132062.323814697","125171.254360056","24","-150.446190529893","0.402750062937708"
"2ad68363-3142-4062-8648-05586c248c1b","137.993448237933","22101.2851428571","21963.2916946192","5","254.092521101973","0.00382725932306"
"2afc5926-293b-4108-8861-6f10116cc6d1","323.344641354093","47585.2933267943","47261.9486854401","6","0.652095471061566","0.988234716662365"
"2b3ae0a5-ce4b-4266-b8c5-d94b855fcbe1","106760.352948753","249085.740109176","142325.387160423","19","36.7353700994754","0.568515027593773"
"2c35614d-cad7-4df6-85ed-f241223f818b","24.7734470306759","8163.47775641026","8138.70430937958","5","-0.331900066829879","0.93152727171984"
"2c8f6865-c9a3-43c9-b20c-cb780389fe32","-19.0648412644063","9973.93357142857","9992.99841269297","3","-14.3700016233826","0.362034583921209"
"2ce9c5dd-c01d-4b0d-8acc-b0f62b69972f","4064.22711601028","5961.8833256794","1897.65620966911","12","-2373.71948093519","0.112856845487781"
"2d0b2153-52bb-4949-bc33-c8e19310706e","715.178465191906","84141.4071463415","83426.2286811496","3","-260.452928487767","1.53296665776773e-06"
"2d315b2d-172a-4229-9458-6bcd4f1b944e","1445.65229481953","33061.3816666667","31615.7293718471","3","-13.163131747683","0.806745145707066"
"2d360865-7b07-4639-94da-a73e5840bc99","4814.2605192407","856529.44009804","851715.179578799","5","2353.02117332483","0.0100185396582678"
"2d4f1796-b4cc-4d6c-8836-bee0115f3efc","70567.1590303486","202817.705005399","132250.54597505","24","-2482.35799043407","0.089853088169625"
"2d5b01f2-c45b-4479-8077-854ad4602184","-22178.3963619048","3303.39722222222","25481.793584127","4","-11397.1385595329","0.110836909303178"
"2fcfce14-d14c-4a97-b862-e82256416ef0","2565.52462982353","156057.541772616","153492.017142793","11","-341.706070195165","4.05289646572016e-05"
"305b3b7c-44a1-4bb9-8173-dca5c4c915aa","89.7737310075898","10471.2955015834","10381.5217705758","5","-40.1399249823459","5.37877628057765e-08"
"30728058-8fbf-49d4-b776-4bcac0e2688a","1689.077917964","139134.215241071","137445.137323108","6","-248.520590533826","0.01045374532344"
"30c2334e-bc56-4eee-913f-ce010c66e63f","241345.723291785","416627.694570433","175281.971278648","25","-49.3901819404147","0.824636425010427"
"31054537-d7a2-4241-aa1a-f9f3bbb629bc","12.0521052631579","343.485","331.432894736842","1","1.98736022326113","0.613894978478352"
"31737790-fc68-4f95-ad1b-e745037af4cb","181.637175277563","68851.1058620546","68669.468686777","14","56.8269877615092","0.000438722697334569"
"32f56fe2-d148-4dca-8aaa-0cf48c155362","3846.44691954844","5716.34575351214","1869.89883396369","8","-7.82598387202502","0.102224212701272"
"33872c8f-ef95-41ca-a592-2bc40cbefeb7","116223.14934429","121875.808452381","5652.65910809075","7","-19.245276975227","0.150383666026714"
"343b4dfb-7f96-4831-9b9d-94ff7c64c6e2","19232.0336698499","155420.075719697","136188.042049847","3","-389.884892696469","0.262344792271082"
"34bb7e8a-b31c-41d3-87c4-318e372a338e","10483.9715831813","100872.502222222","90388.5306390409","3","11.7682974526519","0.967223913481871"
"34d40d4b-0d4e-4ac8-8169-ab1ee288f45d","-15.1640814134766","3461.74638888889","3476.91047030236","2","-9.74771052527524","0.637710341641627"
"35517aab-d38b-4643-b2b1-fa07f337d193","10599.9793202899","180563.009047619","169963.029727329","7","126.649868779614","0.3236573341225"
"36673eda-2d8c-4bce-b1b9-32bbd6078a59","53956.9227710479","963008.868166854","909051.945395807","17","-189.18940019334","0.617359907290097"
"3694d2cd-f761-4595-8265-ae3326622cda","2231.12451188165","11298.3163674614","9067.19185557978","3","1.31675743350769","0.83973733609372"
"36fa7c7a-b9b3-4346-810a-3d03432c4862","5486.39661715233","37583.9734336229","32097.5768164705","13","-69.7045408944281","0.0129369672901764"
"3733d60e-f761-4fab-8a28-8b6f206ee7b7","8215.17509822972","99068.9083447934","90853.7332465637","11","-142.270011181255","0.0674337089980597"
"375032d4-caa5-427f-ad2a-0d3e9769b77e","374.434884792627","5826.61630952381","5452.18142473118","2","-0.319159141491117","0.990809369908456"
"37b6cc2b-ddd2-49e2-8181-3edcebd33676","57865.7676923619","80395.8117404429","22530.0440480809","13","-77.3634870088159","0.10011550352307"
"38259129-dba6-4fa8-b0ff-6db2ded1b4e5","2095.78460333169","20296.4669523809","18200.6823490493","4","-18.5685868383144","0.118512725827375"
"38bb02d4-7e19-4e72-924c-d24d333ece18","50727.8099866188","193484.62138517","142756.811398551","12","390.133926099389","0.305609412808394"
"3a454d26-7032-4f7f-b481-5be7c2f7d35d","165.607140488331","34716.384","34550.7768595117","2","0.0243423250770708","0.996047029519626"
"3a573ade-aab1-458d-b3c2-edc754cd46cb","922.196126903215","294617.079367081","293694.883240177","12","-219.002713635876","0.262247650190611"
"3ae9b55e-7be7-44d1-964c-fb1f451b1b7c","-37.125023992949","14373.844","14410.969023993","2","-40.6423820978149","0.219676595097991"
"3afa0298-9687-4a34-ad0a-16153d8be059","9541.86015859874","55406.8484202057","45864.988261607","4","-113.400558165028","0.000951458824547268"
"3b0af4ee-0a5d-47c3-a30a-76032ab5b213","5967.47351393825","428001.543143338","422034.0696294","4","-808.182353739977","0.212799866125248"
"3b6fece2-e186-4fb1-bf9a-5b055fe5bf27","63752.1056178607","1990629.7358529","1926877.63023504","16","-1797.78590439371","0.218838095685121"
"3bae9ffd-b178-469b-8872-4711d2ff2719","14442.6551544845","259923.093809524","245480.438655039","23","-203.953907504275","0.20191051939783"
"3beffaf6-dcb6-4f7e-90d8-3b44799fd8a8","4663.17023090173","102171.054833393","97507.8846024912","14","-213.168058993377","0.172158252154591"
"3cc9f3e8-9d71-4e0a-94dd-a4090afba37c","15608.4782291002","1545702.32436083","1530093.84613173","25","-1626.03808445168","0.00423783529399097"
"3d024b43-707a-4d66-a516-d57c5f6d69e7","363.908366790582","5641.1588372093","5277.25047041872","2","-0.486624992116703","0.94717005846572"
"3d02fe62-dee9-472f-9d72-0004652d363b","-1.10945429740791","416.539444444444","417.648898741852","1","-1.18037882150859","0.181607547489491"
"3d6ccab9-8bd4-420e-b025-29694c0c9329","20290.7247280702","83955.3672727273","63664.6425446571","4","321.234505009866","0.012760673272968"
"3e4145ec-7897-487a-a69e-1fa76b76f332","1232.9012557689","72275.9774542607","71043.0761984917","16","93.7791568439352","0.00119180204134404"
"3e8077cd-321b-4fb4-adf0-989107cd4dae","1.45832775919732","2029.53916666667","2028.08083890747","1","0.656394758626721","0.678608434803888"
"3eec52f5-91ee-4e7d-a667-e172a8929d6b","46193.0739668666","211457.595952381","165264.521985514","39","-79.8393128668282","0.00773317814483284"
"3f0a4145-9ff9-44ac-a39a-f0c997d8f9f6","-106.191294171117","57161.5648070276","57267.7561011988","6","30.2653573546121","0.467483181727761"
"404affd0-79cf-4eeb-8f86-ca8f5b315674","-1532.71572312286","156137.636497862","157670.352220985","6","-498.041318996918","0.00159183892449003"
"406c6ea9-e50a-438f-a698-4aac614c1e22","133.238511270303","21057.743344536","20924.5048332657","10","-8.10015281536249","0.15582502755992"
"407f2b61-b9e7-4616-837e-9b45617817a5","13619.0024611469","1553963.99822821","1540344.99576706","20","4492.1177841972","0.00493627599513282"
"418021b1-0627-426f-82ec-b2da403a1401","84.8366950576964","12405.9063636364","12321.0696685787","4","-4.72126542546467","0.862191406140294"
"419d5bff-382c-4ae7-b4e4-fbf2507a2095","141.298986386204","33314.0334922861","33172.7345058999","2","-68.4746753478832","0.0192497215983568"
"41a02db9-cf41-47fd-a8e4-9a356b3bc9ad","305687.100284568","487444.022039499","181756.921754931","27","406.33901131524","0.30743817036165"
"41fd778f-2f11-4611-bcf5-d9a4592ce6bb","7108.3638687681","15049.1336537313","7940.76978496324","4","-15.0514802867682","0.272513657225034"
"427bf627-c039-4e60-abf1-a0de7c41a0cd","-12673.8349282022","615570.661809201","628244.496737403","12","-3287.60677160881","0.127173308774609"
"42b22cba-e4f9-4e66-bd37-c8f0b8bc70e5","1300439.10208494","2391758.07712373","1091318.97503879","19","-3104.24662526305","0.0262815911696973"
"433cd1ce-6f8c-4c65-a1f0-33d81f115b32","14177.6566896469","31932.4585218703","17754.8018322233","4","22.3869048997561","0.339777292425005"
"4355fd4f-2558-4270-81ed-349ed2420269","241.518110805234","10953.1238752228","10711.6057644176","7","-23.9169840659197","0.00478508738839509"
"43a21f84-242b-4f98-a016-c7436b33b48d","12.2000763358779","319.642","307.441923664122","1","-1.56662203941928","0.506973701991781"
"440553f9-2b6f-425c-83e5-7041eba6ccdc","4495.36021672403","41246.8396746032","36751.4794578792","6","96.502391015746","0.0300081457520251"
"4452b536-e4f5-48db-97d0-d44c75ace016","179.796114593667","30879.5278070175","30699.7316924239","3","-28.8873545428632","0.249696714598955"
"4527bff0-40f1-4516-a6ec-5dbdbc0ed84a","745.468668640159","14818.9775833333","14073.5089146932","3","10.3136218397634","0.23042416423565"
"45729723-873d-42a7-9dca-b5ac90a453fc","35680.4898188518","101558.772250482","65878.2824316304","16","-304.955200384212","0.0963549404253922"
"45e66c9c-fffc-4587-9f5e-86dc27d62473","140.969186618797","38546.5857401909","38405.6165535721","7","-52.6098943497714","0.419575514949689"
"463f8dd0-0032-47b1-aa11-282ed15fe61c","2248.8572486402","89140.6082828481","86891.7510342078","5","-255.185112059263","0.00994932237772186"
"46cabba8-5335-4f19-9676-62ef4a9e261b","22.3384036255141","10963.7952380952","10941.4568344697","2","-2.32137678153188","0.853913854981928"
"484d1fb7-e972-4b71-902f-66aa0c3b9e9d","199.522214311829","58913.5833333333","58714.0611190215","4","-444.513205910007","0.010366794649072"
"48725cae-45a3-460f-8fe2-ed164ac671ec","966.870347581392","141299.067155218","140332.196807637","26","-376.040568434877","5.70794740426761e-13"
"48d1f7d9-2983-46e9-9eaa-c5b647e7458a","202.177402784034","63096.8253917051","62894.647988921","4","-385.770847446326","1.2799595615649e-07"
"495f2171-f72d-4b71-9d31-25573353973b","27021.6800074078","403524.289227254","376502.609219846","18","-1360.85749589872","0.00526528198914303"
"4a075538-bdf0-45af-b996-aa9d09ab1b39","98.0106209085912","7107.96192934783","7009.95130843923","4","-20.4365512937385","0.204450603043486"
"4a117d44-f712-4b1b-98ad-212e8ad6266f","603.960208452231","3333.49029629629","2729.53008784406","6","-0.27267398465281","0.930932021961575"
"4a5447b2-fa77-4d38-b77e-c531908d9064","4327.88014612986","211641.588950428","207313.708804298","8","-273.312284948699","2.38843447295782e-05"
"4b06e113-ade1-4887-b08e-ea265c516d9b","3513.9046596988","272928.769144737","269414.864485038","4","343.218927438803","4.31054482575702e-05"
"4b56c620-4bbf-4849-ade3-bb0935e59002","311.589352012777","19427.7842828283","19116.1949308155","5","7.21392295339151","0.691759121370645"
"4b9cad9b-f2d3-4fad-8144-29d61b27772f","1081.66383788218","225138.167338639","224056.503500756","6","-176.607158381579","0.245631857010659"
"4bcc0ec9-c5ee-4a78-bbcf-0600f35d326e","7614.8339413012","804903.316860085","797288.482918784","9","-3519.48524223528","6.42310866294976e-06"
"4c1e0cc5-cdee-499b-aa23-899ff9587bde","26.6034559565667","27593.8415290322","27567.2380730757","6","10.6807239100552","0.638625715824441"
"4d167a35-6a03-435d-9a02-49201dfc846c","38607.4194503607","69719.1623445791","31111.7428942184","18","-8.39220329779292","0.631204380072146"
"4d807347-e806-4faf-ae38-fc524451d188","422.135711888968","81088.4858093564","80666.3500974673","10","-179.293427347652","0.181026284665301"
"4dbd44b8-fd31-45e1-b572-74b4dc1a2fa5","7116.42834332634","49706.3567354196","42589.9283920933","3","-42.020750152324","0.205798481041856"
"4eb3d779-daa7-49bb-a1cb-0bdf5de87b0b","2779.61544802386","67829.9636623144","65050.3482142906","5","92.9324574554446","0.259239851626481"
"4ed9b50c-2448-48ec-83e2-896358239dea","66897.1185686943","145426.851756098","78529.7331874032","5","6.94400943536458","0.941503402851255"
"4f239bf3-7d65-4db0-91c1-e86a26f7cd1b","490.002071189948","99204.5543246899","98714.5522534999","20","-17.8042748484755","0.637798889044829"
"4f9fe861-ed54-462c-a379-2cbc2abed106","3016.33850092068","22673.8795340502","19657.5410331295","5","12.3483773961356","0.589503436489225"
"4fa7a766-05fb-4afc-9ed3-dffe3f82e862","5031.44958081637","34407.323178467","29375.8735976506","13","-39.1231128135354","0.208244048214629"
"4fef034c-c892-435d-8f60-7cbbf8e6a4b0","110.662474393717","14113.8902716981","14003.2277973044","2","0.36622373744602","0.977347394003622"
"50029ee9-6249-48e7-9036-636490d4763d","29345.1859125871","502556.581209378","473211.39529679","20","-858.264022402477","0.125831774898144"
"50be53e8-e884-422f-ae54-3540f08db2b5","1472.9244563113","161655.872679487","160182.948223176","9","-110.800840186632","0.405596289960225"
"50bfae10-4838-404e-8615-fd54957f4e0f","563.327158574773","39624.0961666667","39060.7690080919","3","318.439016574434","5.99618890231006e-05"
"5149a6e9-efa0-44c2-a830-da144bb471f2","10964.681875424","19317.0920444444","8352.41016902049","4","-4.58121978468826","0.719226810042171"
"5249a7ad-2b79-4613-8567-ba82821c4d3c","1479.98826935478","96665.8876515152","95185.8993821604","5","-271.497859331796","5.85632718772481e-07"
"528a00b6-2359-4e94-af5a-6d32734dee8e","1498.71529018754","65744.561781362","64245.8464911745","5","92.7161558585537","0.260287987350292"
"53a92f49-a608-40c5-add7-b763d2c7c22b","493.836040886753","24395.7192675183","23901.8832266315","12","-52.1916635608483","1.78131380314267e-06"
"5412dc60-7d07-4556-af0b-d07c4a0bb80c","3493.71860826199","13909.5917765568","10415.8731682948","6","-20.9593976204078","0.000872275569382971"
"5419bb2c-a315-4ba5-b808-f99a0e79174c","428.529737470167","49531.6453818182","49103.115644348","2","71.5621873838499","0.15747142001573"
"565ba39c-03da-427f-9edb-b8b75a5411ec","64.3570453456256","7299.63921466974","7235.28216932411","5","-7.60902160774321","0.154129781725293"
"56ab0e99-0d7d-4a89-9db9-7a0d7602eb9b","15538.1914617169","148983.400760925","133445.209299208","20","-426.730549783267","2.38066185285664e-07"
"56c44e25-31c7-492d-b1ac-80c953a6ec7c","71.9527342143965","20666.0495759574","20594.096841743","9","-59.894815443228","0.261698770682263"
"570b1253-59f9-4d5e-b2fc-ac22488662ca","1627.42539841029","152275.888844203","150648.463445793","6","-8943.35106989597","0.190330860546695"
"575aed8e-de38-48d1-8c19-a3ec0bc0a088","259.745975955946","7333.56476190476","7073.81878594881","3","-2.57920247478095","0.877180894827969"
"57c72611-c9be-4f6b-be8d-562f549953fe","17705.4105955507","1441675.74819577","1423970.33760022","11","-7201.99868771284","1.27002506272216e-06"
"592f0e07-0e88-4982-802d-5e5c751a1be3","-51.6860943702373","9540.97083333333","9592.65692770357","4","-12.5323628490925","0.0705758383702403"
"5a521bb3-8594-41cc-9527-f8f5280b9c20","1032.82033965793","105989.408380952","104956.588041294","9","-99.0341253187676","0.270711853814281"
"5ad4e5a5-dc7b-467a-86a4-78f68f22df79","403.744516068663","61982.0124166666","61578.267900598","6","243.369336843152","0.474071643315038"
"5bc378d2-8cdd-48eb-b208-5e418914e36f","358.062004761841","18395.8603333333","18037.7983285715","4","33.7315083050431","0.123975519238498"
"5bd10590-298b-4bb0-b19d-056dd8b9d284","-469.302239924974","92517.5367443064","92986.8389842314","2","-229.71068888883","0.00135162174844962"
"5cf1ba1f-af95-4c17-a790-85ba80eb62ab","35370.436567305","238570.807","203200.370432695","6","227.682200795034","0.212334172496017"
"5cfff32c-f6a2-461c-93b1-2c5e50276d6a","-244.046839180239","40152.2628017241","40396.3096409044","2","-27.3477809431377","0.172523269291986"
"5e1230f8-6c75-4a83-8f83-20ee61c60c5b","111.678653093485","134789.615921429","134677.937268335","6","-128.249506348044","0.0786704094587347"
"5e8083f5-3586-4c3b-8bb9-8783e12fb840","65.0750773195876","2276.68769230769","2211.6126149881","1","16.7109820829693","0.00293428002295394"
"5f154089-9762-46f9-b36d-11f1f864f982","11.9473043478261","343.485","331.537695652174","1","1.93154815163644","0.622032992689847"
"5f41dabb-eb96-4056-b83d-20a206825a11","3957.92895561358","44758.7161538462","40800.7871982326","3","11.682038656351","0.560231313188122"
"5f941267-6428-4ae6-afe3-d425d93f658c","8838.29173651071","51761.4389344405","42923.1471979298","17","-51.5296336878648","0.0402135971718277"
"6082e5e2-9165-43d4-8c03-68ff9937b890","-868.762560588234","-13200.7044661977","-12331.9419056095","24","-20.2131442792782","0.00800330303208468"
"621b3022-5685-49f2-9902-a565a8ffd266","7622.49402035623","33003.129","25380.6349796438","3","5.20827211046358","0.68681489629446"
"633b0c2f-f4da-40df-bd70-fed3d9a5b195","-579.071238095238","-1892.4719047619","-1313.40066666666","2","-2173.37293897955","0.0754396763562263"
"634504e2-49df-4327-8964-8ab10f9abd1e","5685.63609065512","479357.189784314","473671.553693659","11","-577.281046513501","0.24861037234187"
"64090e9e-2114-4428-98da-30c6951434d5","271.195303888247","254907.366572222","254636.171268334","8","-69.3233236229516","0.47491438426726"
"6497ef94-d720-49ab-acfb-2af15e7f9c23","1340.0728198213","20888.9816666667","19548.9088468454","3","-57.6400006982303","0.493594679312575"
"64a4d22e-8651-4aaf-b787-fd62e4f76d19","116.982840235732","6805.07228095238","6688.08944071665","5","-2.73311534533477","0.438049742671991"
"65585dce-f294-49d0-acbd-a1db442e8348","279.406098374857","132332.851626257","132053.445527882","8","-368.89619806546","0.105700432712514"
"659b698a-a507-4f02-962d-ba40f9f1475f","42.5141371158392","3251.40269230769","3208.88855519185","1","4.65509437378349","0.220501938029524"
"65df1834-65e8-49b7-bce4-f2b899c4f8c1","257.174354930378","8788.50466666667","8531.33031173629","2","-126.658826818092","0.0121139123031603"
"6635ce26-e23d-48bc-b029-42ecc5865248","17416.808148956","40768.7344847345","23351.9263357786","14","-18.5542874304448","0.170318872833354"
"66e567fd-7145-4cf8-8e04-584ec713bcda","6166.2166701283","87512.8602836538","81346.6436135255","5","58.7337051739898","0.0244216653596446"
"6719f97d-2f0c-4abd-8fd8-90bf87b0364c","2801.88077155103","379190.593509447","376388.712737896","8","-31.9949988881598","0.91770186548053"
"67a20c94-c030-41bf-b2ad-980edb4ee12e","79.9839749311866","3522.27280293776","3442.28882800657","9","-16.9615157171107","1.10084499495528e-09"
"67b368e3-3d27-4ff3-b00a-1b70dbdbd2a6","5459.26129044021","247865.903809524","242406.642519084","8","1436.77204438461","0.0548829950255281"
"67e8ecc8-954d-4b8a-94ce-7620bc6a4941","4922.4586494049","196550.805030952","191628.346381547","20","-197.29039945786","0.150688936634781"
"686c4bcf-d281-4800-ac26-02aa0218855b","1129.23822329291","118380.89447583","117251.656252537","20","41.2488397444509","0.496367707869235"
"6a41dce4-0337-4595-b4df-e49b9cf8ca45","11521.3483791516","131372.038749155","119850.690370003","10","-78.5996693604043","0.292532646547806"
"6ad876fb-206e-425d-85cc-2be0197a581b","-113.937451307575","184012.31047619","184126.247927498","6","-481.913836369596","0.106472085297914"
"6b9163c1-3a85-4c1b-8e7d-b77dc360238d","721.975804518103","289185.853042356","288463.877237838","5","-1428.17408322197","6.4605848673804e-05"
"6bc2555d-acab-405f-bfb0-465751ffa23f","3044.44527239572","20498.9047368421","17454.4594644463","2","-14102.9817514396","0.160800079195656"
"6c7a30de-cc44-4031-81ca-b167627a8319","-1023.37769032258","77636.972941176","78660.3506314995","2","13.1900308402846","0.909890865257902"
"6e5801ff-6fe4-47e4-a125-6ebe3054d7f9","2677.71728990018","740109.014525547","737431.297235647","12","-1655.11478318604","0.00228052277316478"
"6e8bdb4d-9d05-4c94-b45f-610c931316d6","216.529853158602","31089.8419047619","30873.3120516033","2","-74.7964174299876","0.186911047299153"
"6eec664a-0d97-4640-88e6-f7b1d3530157","32427.3634984724","1618853.17385375","1586425.81035528","6","-2717.17691549574","0.00566565492246616"
"6f41b67b-98d6-41ab-86c5-ab13b2ebb8c7","1174.8535031875","69149.620452361","67974.7669491735","9","-13.1002619265338","0.873338337890613"
"6fa65ac7-2aff-4004-9399-e35638e089c1","1767.78727395412","104846.942941177","103079.155667222","4","-79.8830520952295","0.390693466806664"
"6fe0c432-919e-44bf-a1c9-8be8c2166431","104.747203836407","21440.0246428571","21335.2774390208","2","-22.8699198252475","0.088808242162424"
"7002e6c1-2549-4c96-8a25-74b671c2a527","962.499057988367","42151.1154828431","41188.6164248547","6","24.9530056461425","0.00267015136972092"
"70337efc-944c-4fae-985e-9f54fba9b0aa","-17.3759790843772","24399.6328516706","24417.0088307549","8","5.00775143196394","0.773215840764947"
"706d9607-7ecc-4207-a112-e6dab4342944","11684.4610197814","57834.6906274952","46150.2296077138","32","-92.8470457558529","0.0718409732559212"
"72375e04-ae1a-4f20-bfa0-4f15b0447e0e","12372.1391853987","44417.2114358975","32045.0722504987","4","77.6663964267164","0.0649866219337085"
"72aabebc-f2fd-46ab-b49a-227254b9ad41","20458.5521093282","1754322.60811487","1733864.05600554","55","-3299.83142052173","0.142010254410046"
"7373149f-69e0-417e-b8e9-60da4956ed1a","5164.91198419161","19265.6234467622","14100.7114625706","7","-21.9163203659274","0.253092153206315"
"74a15cd4-cd4e-4cdd-9f4b-efdc6d353106","263.940100949041","6361.60956709956","6097.66946615053","10","4.39744651362597","0.140659159582307"
"7597f350-9d51-425a-a070-b0a2774a09c3","2168.88283683148","75319.2913600226","73150.4085231911","19","-80.20668419581","0.033531345860193"
"75ec809c-2959-444e-ab01-1e619efad12b","4373.75146610765","14941.7907142857","10568.0392481781","10","-40.6218477280771","0.114636304759661"
"765c92ea-79a0-469f-a69a-1fefae6078fb","17062.2327057011","192968.901263566","175906.668557865","9","-221.920391791236","0.0243043667845255"
"77392c5b-658d-4c2f-a481-01fbe65743c7","18495.9784642037","255596.164444444","237100.185980241","8","-174.038048357907","0.877723439012212"
"779854bc-8bf8-4ae6-80f9-b55618255365","1774.00701538496","229948.904338494","228174.897323109","11","-965.74076832947","0.125303784151871"
"77bc5faa-47d6-447b-8958-a6764544d2f3","-215.625620807027","372308.419373706","372524.044994513","3","-689.505360879382","0.216870499072621"
"784fdc85-4dbd-47bb-8d60-04f7dfd4732b","26.118976526558","16290.2900346776","16264.171058151","12","-18.0689134425961","0.0636396091712116"
"786467e5-cc05-4f42-a891-4c2174d125cc","24496.7445714646","386216.83089855","361720.086327086","5","1679.10264468594","0.00236868687115973"
"78904086-398c-4740-a978-12e82a78d81a","231.052781371281","21175.4333333333","20944.3805519621","1","-36.3193916508076","0.135525503461313"
"790f9be8-3c7d-48f7-91ab-047497ee7df2","3.00794520547945","5274.236","5271.22805479452","2","-18.4924232536424","0.290644933813082"
"79133841-5d5a-41ad-9858-7a6a854274a1","132.736445086705","5325.59771428571","5192.86126919901","1","-2.52654682236229","0.458638792619522"
"79a60c65-7f7a-49b8-ab17-f55932be0f32","3860.8284965203","175919.69187619","172058.86337967","6","-908.209776650248","0.026919117598031"
"7a48134c-8648-4b7d-9d8b-c043c04d5af0","159.19150001431","16017.7614593441","15858.5699593299","11","-13.8153860423612","0.337128992106621"
"7ad44b25-0ff3-4b35-9dd6-9c72f2d980cb","1362.1476041063","52031.2115433765","50669.0639392702","10","-281.819695844335","4.63702632292531e-07"
"7b4553a5-7f5e-4194-90b8-995f45f28747","1263.95207235756","116294.89347388","115030.941401522","20","-345.149042112802","3.90449286656718e-10"
"7c6814cd-c954-4545-973c-0753d74ce623","28255.4717537686","805671.7740205","777416.302266731","13","-832.112493130485","0.241927199327479"
"7d3d2727-c181-4e9a-9a4f-0d29e90bfe49","214.713497491308","60721.9726984127","60507.2592009214","2","-51.5440151790274","0.179375533548219"
"7e437c89-e944-4ef3-9ab4-c48ae22eb5c8","480.003436731834","80076.0205781609","79596.0171414291","5","-234.295246955593","0.13159265113559"
"7e559ae7-63b5-4979-93ef-c9808524687d","14.9703092783505","257.389090909091","242.41878163074","1","-2.80486499116937","0.517973699131123"
"7e5dc0eb-cee6-4edf-b53f-63900a6ddc32","-599.89034038089","326692.025503962","327291.915844342","13","-499.269427465643","0.146056104325901"
"7fa81fdf-e028-46ae-bfce-720901021f55","3299.85952722103","57581.6198809524","54281.7603537314","4","-4.10928803488698","0.890767323636319"
"813751d5-62b8-44e4-8d54-4465b1042429","250291.767687267","319713.018965517","69421.2512782505","6","-241.360610226568","2.13062436660275e-07"
"8179867f-4560-4c2c-a591-5816a577be34","4207.59572720512","343024.055723063","338816.459995858","33","-1051.64798281107","7.51278041434703e-07"
"81c43d8b-7a55-4080-a3c0-afa808891fcb","13021.9133310222","133728.85925926","120706.945928237","11","-45.9044146770509","0.441625496852054"
"824e5ea2-6ea4-4e55-b9e0-6fcf003fdb63","84170.0987292361","172794.575112242","88624.4763830059","9","-377.091644706086","0.0874562357528739"
"82f8fe4f-419c-4f3f-8fce-3464be080e92","7250.16270103093","17149.515","9899.35229896907","2","40.3444023218103","0.16055705350951"
"83348e3c-83d8-4541-a725-ddfab02e2c01","427.089441658953","53601.0259740259","53173.936532367","2","281.200897373586","0.0142835426605669"
"837805a6-9a6d-44d4-b689-e406acf468ca","153.050920255454","59589.6054039855","59436.55448373","10","2.1375399716456","0.929030500082393"
"842fd483-61a3-436d-8eb9-e6c826e3c081","3424.26550043358","154894.563017316","151470.297516883","11","6.93016720645155","0.918682909574366"
"8483b411-9daf-4ca9-852b-d50aa4c36b93","-1796.22813285443","676093.687347619","677889.915480473","7","-2568.13084150539","0.11024762387834"
"85b00255-451e-47e4-9462-c3bdbc4c8ba4","66.4003509592539","30948.167","30881.7666490408","2","19.3886817569346","0.646158921903503"
"85eacdde-9feb-4ac5-8fff-bde05fa4bd57","1879.03461336958","8396.8042919784","6517.76967860881","13","-5.93512604411984","0.0837397739196081"
"863524c7-fa8b-43aa-9815-53878d026280","14112.5012265426","28934.0423555556","14821.5411290129","4","-30.1897117657955","0.337379209554187"
"863dce68-3572-4347-9b22-33c957f7eb9e","19271.2142129992","120238.7025","100967.488287001","5","-71.8663492945938","0.253026328564705"
"865d0898-63bc-44ee-8dc6-4dcfdf8e72f7","962.781595504607","127693.243315317","126730.461719813","11","-402.752211504595","7.90974601922421e-08"
"86fc09c6-f094-4726-b48b-a8c70dafe7e5","983.069912418509","87511.85769419","86528.7877817716","5","-388.431820947365","1.35046240474248e-07"
"87132cd3-12ab-4e7b-a4e0-f8144be6b00b","4665.59641273721","45787.5074160919","41121.9110033547","24","-60.0572062479892","0.0353335569775381"
"87279deb-76a9-4f9b-8888-b520801706aa","1459.12272381937","88702.9414125597","87243.8186887403","4","-242.894559122033","0.00419134596517159"
"8737b169-554c-4735-97cd-8a414ba760db","1806.6860857764","242456.219428571","240649.533342795","2","0.0354874545849606","0.999871778793429"
"87e3688e-f8b2-4c81-a8eb-f79779b73045","9.40686868686869","246.468333333333","237.061464646465","1","-0.239518374721319","0.907508172487943"
"886366da-21fe-4b7b-9be0-805c71bf15f4","56018.9557688424","199505.19447619","143486.238707348","9","204.334272891044","0.00878059584792513"
"88f447ba-20f6-44b0-b229-4fe7310ac64b","6779.10868039706","153101.822959226","146322.714278828","9","-57.6419108671105","0.542271059937157"
"88ff76ca-f3d9-48c3-b362-dcbe9d558522","3021.11297041132","49118.5721631653","46097.4591927539","9","186.355475860867","0.0114003020892718"
"894d56bb-6acc-4e30-b097-173ae6876079","301.44255184366","85336.0507284767","85034.6081766331","11","-255.809864262557","1.6294855637759e-05"
"8959c9ad-189f-444d-84d5-de79e5b0057f","1034.49068735159","159959.943386568","158925.452699217","4","-541.379678818599","0.0420292812930912"
"89cfca95-7bab-45ec-8d16-46d8c71881f8","-125.55817720559","82478.054857179","82603.6130343846","5","-111.452158723159","0.110032274093339"
"89f54948-44ad-4d4c-aa07-de59d84ec34e","127.44415601023","61043.4081578947","60915.9640018845","1","-66.5992345421375","0.0510128992046874"
"89fbdf65-e579-4f8d-9636-ab8baa34d819","48161.0782482286","401467.824316667","353306.746068438","18","122.043467725383","0.406683717722735"
"8a3567f8-1a98-41fa-9a6e-b6cf3a4eedf4","2.46972126870386","25929.8668961353","25927.3971748666","5","-110.785546666305","0.0404262317512044"
"8a4ffb0c-7779-4f86-8465-6fbf9b7b1e34","1527.86331922961","233502.653062187","231974.789742957","13","-202.185081718575","0.0334859099909217"
"8a96f514-24e7-4cb8-9015-f2e3654f03e3","66.3533115079475","13184.3613133724","13118.0080018645","3","-40.5022168264397","0.00257830958797707"
"8abc8d3d-b25e-4144-8fb1-df763ac408ff","-41.3267018192789","5767.02475","5808.35145181928","2","-26.5528761177458","0.0813321509807669"
"8b30d9a3-18c8-4e6b-9e6b-3b54f452f292","1325.96078296864","92979.32625","91653.3654670313","3","-92.9152513286895","0.0315560713780938"
"8c6a29e1-b2f4-4e40-9ac7-dbad55b0cd25","13738.7527336244","494887.621051082","481148.868317458","6","423.898321139019","0.240137017355876"
"8c9eb6e0-1c03-4e46-ab31-6e185afa38cb","17.6715533180185","4177.98088235294","4160.30932903492","4","-3.35656504270553","0.317165908508413"
"8d5f52d4-d224-4821-939a-85f88a365544","642.550330482748","18757.0110929776","18114.4607624948","13","10.237090127456","0.0973985989878186"
"8d69cbb7-d816-4bd5-8609-2da841e4e021","256.56661055427","619477.317980769","619220.751370215","4","1440.38288777567","0.000961752584095999"
"8debe74b-42bb-433f-a3cb-aff88506a627","1232.67338060192","125972.480869565","124739.807488963","3","-387.414439654701","0.000707180473776806"
"8e0e5197-e6d1-40bf-8789-5d3d5a08bd19","7.14887944864271","53114.7395903143","53107.5907108656","4","-116.316838868889","0.0336896881617744"
"8e4b10b8-b460-494f-82ae-9e643c18ce5b","994.758620708933","24940.1295905732","23945.3709698642","26","-139.558642641858","4.20318429465948e-10"
"8e9826f1-a11e-49fe-ae78-342a5e1ad460","115412.802008934","2469798.20946735","2354385.40745841","104","448.894610019042","0.452907953559025"
"8f26876f-f5e7-4145-ae0c-4eb962fc75b7","101965.175884427","109850.370865385","7885.19498095725","4","26.3371132063283","0.0367794121033826"
"8fb2d995-90ea-40a7-a049-f6a4f017bdbd","759.972453825858","35571.212","34811.2395461741","1","-12.8040020294464","0.510805470230579"
"9034e4da-f961-465e-9a8c-90bffe2efc06","62.3454319174038","2713.2794777706","2650.9340458532","9","9.80122184275434","0.037569516420567"
"9054c6c0-74a4-4776-b812-92b2668eff71","32858.5660369326","64672.2360389611","31813.6700020284","6","-19.407394698997","0.156869926289331"
"90d2fed2-a22c-41db-a457-7b11cd495462","40.2314465715195","14068.2582539682","14028.0268073967","4","-2.694726269148","0.737597855274324"
"9141f271-59ae-4774-aab9-403752cd7571","10009.745227204","235124.156099528","225114.410872324","14","-410.320758610358","0.102294154031966"
"9174c6df-d899-4bd3-b60a-a36768ed996a","268.973557919742","9319.81044871795","9050.8368907982","3","-8.39662874253036","0.662278955303423"
"91781a52-8c35-4047-aca8-74367ebfe8fa","336.137037507988","34537.0296235294","34200.8925860215","5","-12.5095042370488","0.570309732910204"
"91c1361f-c440-422a-b377-852bb1cf6d63","204620.904876885","624708.348914947","420087.444038062","16","-447.342650108557","0.154734455768341"
"91f1a2df-73cc-4650-add0-6d8cc95910f1","313.314125761232","42214.4603924647","41901.1462667035","8","-101.064796072339","0.212591641955227"
"924c08b5-6995-4f2d-96f1-e34f1a65cbd5","-1048.31299246564","60308.1734878049","61356.4864802705","6","-396.440473318028","8.2936161179486e-06"
"9264b58b-a4c7-44ae-9da4-c6c2dee90bf0","73.1048245614035","3961.85594594595","3888.75112138454","1","-2.93626812205865","0.0449410234244473"
"93a504f7-8dad-4d3b-ad04-d0ccc04278f6","154.465235871323","254912.053382064","254757.588146192","45","-157.859082164504","0.577042317717504"
"93b8cb95-0135-41b0-aa91-98a6ae32dbd5","-716.495638969829","123632.035913875","124348.531552845","9","-438.196389630461","0.00030251627849509"
"9442b63f-f7d6-4c2a-92a5-826031de00f4","2481.52774196124","18008.63925","15527.1115080388","4","-51.9978940545834","0.00757908589683511"
"94d3d592-5f73-42d6-9630-fa9aa38e90aa","1135.53548392082","573491.611717851","572356.076233931","39","-1060.29859014091","0.0371734034680155"
"957d632c-718e-42bd-b91c-0d99ae01eef6","-117.672618468307","33553.9978787878","33671.6704972562","5","-117.358952449574","0.0136539356434616"
"95e988bf-9d52-4f6d-af4f-78d82772a29a","0.880498656234312","737.980824175824","737.100325519591","3","-0.886630236362279","0.120188845374869"
"95f2a94e-065f-40d2-82ff-7581b6229b86","-189.55885812723","127564.253902932","127753.812761059","3","-185.6545426478","0.154601644902435"
"96636b0a-63b7-44ae-94ae-0b6230319b6c","61.6661274117547","7701.6172007654","7639.95107335365","6","-1.35261225474088","0.885342759512514"
"96dba6ac-eb2a-407a-8df9-f07528e58f6f","2.20987096774194","149.121428571429","146.911557603687","1","-0.311004860226862","0.904409899705591"
"971601ab-3fa9-4e0a-b460-201bcf123d9f","20998.7512057399","53717.5795239618","32718.8283182219","7","-85.9922352635118","0.265106394397163"
"972e5407-bede-4a06-8eec-80af11d4c071","4186.24406363016","77063.327134278","72877.0830706478","9","-428.824291252723","1.0858420686192e-20"
"97dc9f12-ace0-4226-9212-49b00eacad02","178.362088959658","16485.118013468","16306.7559245083","5","-12.6462817422878","0.29794207897033"
"98190056-37a6-4a92-b681-1b7e9ef1e1c2","563.371421535598","34749.6108039577","34186.2393824221","11","-37.8008085074429","0.352960562907182"
"981dd334-d427-4a52-b9a5-3b33faf9fef1","350.831832103726","54480.937826087","54130.1059939832","2","6.26063802099472","0.827874367763391"
"9893d740-84a0-4735-8c81-8d5305db20ef","38218.8533331546","899296.81038016","861077.957047005","30","-2033.96888908941","6.5267487786335e-07"
"99086f31-13d4-4c78-80be-012070037302","471780.111132471","949702.452744811","477922.341612339","24","-75.1429373635498","0.724072865566786"
"9918c961-1cd8-4e0a-81cb-74faa8e90395","3279.78510980101","66434.0600542929","63154.274944492","6","-19.3151366254898","0.271894269545346"
"9924dc47-ae22-4f5a-b8e1-0731948e0201","17.114641509434","1795.26456790123","1778.1499263918","1","-6.14021280651918","0.00373572431433306"
"99314264-3c0e-4478-b239-c89d18135984","126913.495084363","255509.5535442","128596.058459838","6","-3025.84428067176","0.117984992291349"
"9a5c6d60-0dc3-4210-b628-1846641b69a3","25375.8546463649","46677.8748214286","21302.0201750637","4","-30.1776157026535","0.421459460021568"
"9a5c7079-c194-4b40-8bde-dba10c13561d","1260.66665585253","11286.3492857143","10025.6826298618","3","-51.1449063073975","0.210736805851207"
"9a7a847b-caca-4d4a-9b62-aa4946f169d6","32.3044195896476","7599.5638346121","7567.25941502246","6","-13.9576828283206","0.0963852512284287"
"9b27efa7-c083-4760-899f-179baec073d8","-2.10972800853992","25008.9801894737","25011.0899174823","3","3.34401386875459","0.93639591260802"
"9b485e7e-8ae9-4fc9-973c-5368b9a7ebd6","8442.78","28164.78","19722","2","7.1025754644591","0.270694298417153"
"9b486d6d-9c10-40f4-99e9-e4bf0f51dbaa","175.978460899064","12153.0369754386","11977.0585145395","3","-18.7220355395181","0.00244486193473318"
"9b4ce005-7ae9-43ca-8b07-07850188f33b","1650.03626393152","8260.72357575758","6610.68731182606","15","8.93355541735393","0.415620005430523"
"9c07afd8-3e6e-4290-b79a-3fde6ae52c75","8848.56228208741","40086.6226666667","31238.0603845792","4","-134.048599473731","0.760234597960148"
"9d2eec78-9bd1-494a-a2b0-9237b3046c5e","81.0676217765043","1849.80875","1768.7411282235","1","18.8983019693226","0.0315269207164094"
"9d3cd50b-cc34-42b9-af59-82bd017b215b","-372.132064250104","170727.193022222","171099.325086472","4","-164.485425553638","0.351638424636371"
"9f318a04-1138-4f2b-9f10-09764a620d66","0.00859430604982206","21059.4916806723","21059.4830863663","2","13.6046194061846","0.678622669478481"
"9f3bf6d7-85b3-47f5-bf1b-9607c216d44b","5991.01571677095","31533.7369783269","25542.721261556","5","-56.4101335148866","0.00214010183982539"
"a0b0a0c1-98f8-46e4-94b7-eb27d53e3c93","3083.17818323962","23447.9126904762","20364.7345072366","7","1.91535750219224","0.712972569576861"
"a0d57fb2-2fef-408d-a7d9-fb863aa1ac8f","41.7541131105398","2651.85954545455","2610.10543234401","1","0.656394758626721","0.678608434803888"
"a10934ae-9ba1-4180-9678-3934becda78a","528.610970347768","36700.4705721997","36171.859601852","5","-32.3298468790669","0.00284796335658044"
"a20fef3c-eff7-4fa9-b7ef-f59ac0be11fb","7110.38673521425","18763.0061096775","11652.6193744632","6","0.824146916340539","0.863763334019505"
"a238beec-f88f-48c3-b834-6d4210893b1a","1272.3155056014","170965.187076779","169692.871571177","10","414.627682570235","0.000741249414413591"
"a23d86e7-c56d-4bcd-9f2d-8b27bd96d044","13.1028244274809","343.294","330.191175572519","1","1.26055944836483","0.611398243090945"
"a31a1568-7eeb-42cc-990d-ad091d661254","48.4864983372041","16409.4409348984","16360.9544365612","8","-34.7651440152503","0.00210226167107653"
"a31def7b-1bb0-40e4-b005-bfc4337a8dcc","682.873945088827","21996.0456944444","21313.1717493556","2","22.7391937028509","0.719107180802761"
"a3233013-9c4f-4b9b-bd81-7aed03cfaf9b","3857.73619566025","137272.467072278","133414.730876618","10","-102.919143208402","0.0190431955667501"
"a3d18882-b06d-47ac-a68d-ecf300d79377","2.18878248974008","10395.2464393939","10393.0576569042","2","-3.67720744259179","0.591298293758831"
"a497172c-cb1c-4262-99c8-6558cc8e4984","1846.19625865129","83894.2199999999","82048.0237413487","4","-471.868286041594","0.106217569468922"
"a52c5db6-5c31-4948-97e2-bb3f0f577e1b","7876.6354982438","46050.9054981824","38174.2699999385","7","-134.796255519052","0.00896531532212631"
"a60898b8-450d-4154-ab4f-d11c2986fce9","0.0262484221915","11400.3061538461","11400.279905424","2","-19.4332824221349","0.0335259729048639"
"a6743e7e-e579-4656-b8ed-269cdc67f1c6","-304.265174981381","76882.1668125541","77186.4319875354","6","-46.2777802045109","0.619391424283568"
"a67d9f4a-8fa3-4be7-a682-e20d998b4cb2","1727.66261518626","19761.54","18033.8773848137","7","118.325323422815","8.4339789923606e-06"
"a68c5f4c-c55d-4e30-936e-83bd9c3221b7","-53.9368681076023","83336.6038492822","83390.5407173899","6","-12.1294264752185","0.810784125526474"
"a68f40e9-cf48-4af5-9582-bd2a0f4e8822","71.6906240660616","12831.6107017544","12759.9200776884","3","24.4329702571562","0.0354903717644875"
"a6b0d2bd-2180-4ba2-9f75-97b710c8999a","658.400819867901","45319.6014410017","44661.2006211338","5","-31.3420161961003","0.26814888503381"
"a6d3be1f-89b2-4258-8469-2e0d90129ab2","1.37510980966325","400.625","399.249890190337","1","0.243724578180227","0.77635534637017"
"a6fe864c-6aa4-4a5a-94a4-492fde861689","302.41184835171","126409.870015097","126107.458166745","6","-193.770780507393","0.132085671923643"
"a75b26e9-fad3-418a-986b-368e3b4e75e5","0.736426116838488","2193.88454545455","2193.14811933771","1","0.656394758626721","0.678608434803888"
"a7be18dd-31bc-40b2-97dc-f27b0d44af2a","6961.87585927494","165537.600717196","158575.724857921","36","-153.303017416863","0.0833225484557527"
"a8e562eb-ff1e-4ef4-be6a-526b824b4623","17450.9778917407","114154.244161542","96703.2662698014","13","-119.997525838913","0.0502978572098877"
"a93a1dd9-57f7-462d-ab3e-bc6956a26fab","47476.9008348124","293663.119162348","246186.218327536","17","-91.5753666541609","0.338920604189191"
"ab406067-fb0b-4db7-8a14-3c40df17509b","235.035837543297","45016.3133425152","44781.2775049719","6","8.84878377307563","0.537581617415129"
"ab48b872-3109-4d09-a68f-f82c998ee346","12.1578181818182","286.577142857143","274.419324675325","1","-0.111592052734122","0.940756218501601"
"ac935358-6f87-4a1d-bb01-bed9cc758b15","33.1606543289575","39890.4587814229","39857.2981270939","6","-12.8047060590268","0.777084245700004"
"ae09fa33-4268-49bc-8d57-6d56dc8cf6ee","1225.73351089588","71795.0021652422","70569.2686543462","2","-59.3254516827066","0.237145917114868"
"aeadf4b8-26fe-4dd0-9613-f6335c4a3977","2349.48471902632","127499.37693849","125149.892219464","12","-337.168948989995","0.000282530744108602"
"aed58db6-2aa7-4fc9-bc77-eddf6610c731","99.3598362963913","25425.07456119","25325.7147248936","4","-23.5671943468386","0.278845427129302"
"aee64d1e-bddb-4f96-b679-44cff0f84ef3","2725.18959209249","299742.172948224","297016.983356131","16","-303.173475719932","0.0106025387048869"
"aeedb24b-3f06-488f-91b6-25ba1c5ed13e","9.6372220738306","14045.3407941177","14035.7035720438","4","-23.2291979908338","0.0270908197863484"
"af23652b-6286-40c5-8cef-c8920d1b84c5","171.717000820917","136599.728084165","136428.011083344","14","-203.102398141206","0.0818950355387397"
"af49a804-7348-439e-a760-741cdf54091e","342.249707469017","93288.9606823529","92946.7109748839","3","28.1181545368681","0.90016024505742"
"af4d9bbe-2e0d-4c41-81ca-25542557f954","794.712131060626","42437.311022409","41642.5988913483","6","-50.9337405861041","1.24285280732571e-05"
"b01dcee9-afd1-4608-80b0-ceba116305ac","6.99134328358209","112.045227272727","105.053883989145","1","-0.65275862934052","0.284444031079182"
"b094c8c8-0c3e-43f0-8a8b-1974a7f11d41","6129.43556630016","130387.009527665","124257.573961365","4","-158.995293329149","0.00691267133092118"
"b0c9fe7c-915e-45e4-8e9e-49d4f27281a5","75.0062140992167","2719.62823529412","2644.6220211949","1","3.39702113182599","0.0989701209358875"
"b1381b77-1a8b-4662-a3f3-90781e26c1cf","6232.66114972106","47015.3406428571","40782.679493136","5","-28.8284697922169","0.696773338803363"
"b164716b-266a-4d84-a0e8-b1b7455bd1f3","4490.2105002925","10526.459032634","6036.24853234153","6","-12.7655473069054","0.0628094550104333"
"b2245372-175b-452c-9c26-84f98e1b32e3","59683.1179455399","770399.549826087","710716.431880547","8","-246.061114043091","0.0142799614081798"
"b226b265-1658-4206-8a32-9536aacaf608","-201.239494696231","301891.214350887","302092.453845583","18","-202.951718283855","0.320527215940793"
"b23c0ca7-c517-439c-a9db-0978dfd15311","8974.52997657064","101148.608242081","92174.0782655108","17","3214.3880393001","0.0661772010157134"
"b24ab58b-0a6a-4d3a-a74c-ba19894515d5","4634.60524892238","13333.3719607843","8698.76671186193","4","-12.3847906692462","0.137464320115912"
"b29fdb79-d2ba-4ca2-90a7-442c938034ba","101960.646346663","110394.755979021","8434.10963235762","4","26.3371132063283","0.0367794121033826"
"b3a6a47a-31d6-4b99-ade7-717392b8eb22","8554.58427825012","98709.5377222222","90154.9534439721","5","-138.400784012112","0.167754818318859"
"b4c955da-08eb-4125-a6a5-901fab5c7dc3","2099.45460736897","512520.267870055","510420.813262686","24","-126.238413261001","0.546954905298773"
"b62fb69d-38d5-499d-9214-c84dca0b5121","2086.28827659418","97748.9880124927","95662.6997358986","11","11.7000194015922","0.86343116911584"
"b68806cc-9c14-4f23-bf40-00b7720aeac7","363.769631021097","17964.8289731183","17601.0593420972","5","-44.0161337335352","9.27330722933567e-05"
"b6f46ae5-7755-43f4-909c-6b6c9f4f8222","127378.101892261","334077.119381069","206699.017488808","19","-285.269818186325","0.39618684992622"
"b81bb487-b4bd-4963-8017-e1b157aeb4e3","385.719777512861","81547.4168571429","81161.69707963","8","-124.63699296541","0.206970380754377"
"b9bd90e0-d538-4598-804b-490541017eb6","702.146341590125","46085.2812316478","45383.1348900576","18","-27.3736261784232","0.102806447510872"
"ba576520-63c8-4368-8146-ebbda824fe47","3041.60479580815","46872.2363029954","43830.6315071872","9","186.355475860867","0.0114003020892718"
"badd46fe-eede-434f-abf5-e4af8e06cc3f","94955.6649745006","322045.034170426","227089.369195925","7","-396.893006513174","0.222150509771178"
"bb24e65c-36b8-40b6-a5f0-c2eed893d2eb","446.294686026452","14711.6546957932","14265.3600097667","10","-37.8345358720724","0.131953645171275"
"bb93bb3f-81db-422d-84d1-13242d0368a3","2097.77430067842","322728.677224664","320630.902923986","19","-74.9619258794124","0.532984338064005"
"bbccb17e-ab93-4e4b-a984-0863bfc42953","572.307692307692","11904","11331.6923076923","1","57.1470805617135","0.615513814180827"
"bc276f3c-b263-4656-bcea-e6f886e37df6","4.57449277829644","992.552272727273","987.977779948976","2","1.87483538918436","0.0346706838216124"
"bc650b7d-94db-4a4d-a6ce-fbb27759bfeb","540.379934444546","38674.6613937672","38134.2814593227","27","-33.9153483178429","0.124279644523403"
"bc969313-487e-49f6-8445-69843526c567","13906.9909795729","236980.438267188","223073.447287615","36","-687.265674719957","0.0495371184209828"
"bcca69ae-07ea-4a0d-8b3f-d706f34eb385","512.850818771924","18215.9310795455","17703.0802607735","3","257.303162064149","0.0665780528174288"
"bd314adb-5214-4d99-93e4-fc4dd78900c6","170961.871532434","633416.675466231","462454.803933796","46","-238.382772117542","0.165370245158932"
"bdfcdf64-cefe-454e-b620-df4236e5fb18","137561.574631027","2351845.60989963","2214284.0352686","19","-1245.69806739868","0.529115975823027"
"be2b3a08-465e-4441-9a0c-e444b75f1480","2624.35601776961","146297.402211111","143673.046193341","3","610.982803500285","1.20183558112867e-06"
"be64991c-230a-4750-8b18-8a1141710e6f","2845.06551772812","142167.863979233","139322.798461504","22","-259.653660314549","0.26307318770791"
"bfa376e5-60a4-412d-84e8-6a29fb99f18a","349.294202208682","2696.43553846154","2347.14133625286","4","-41.8067854963643","0.00198157999004557"
"c0821c95-e52d-4c70-bfac-905e4b98d01a","32.3334958477232","13241.4048345588","13209.071338711","5","-20.012530204592","0.242164363048052"
"c0aa194f-9116-4204-b0c4-de16c36c6de1","-50.2588345968662","10623.1284505929","10673.3872851898","3","-28.7201656193345","0.000763108098598744"
"c1754e72-e42e-4c06-a20a-1e80a5aa7ff8","1254.77455303072","94332.7130917792","93077.9385387484","14","88.990314667732","1.65574890317659e-06"
"c192de19-e5de-452f-9ef3-181cefc967e0","323.145493243885","25133.0002010179","24809.854707774","7","-68.9248169668578","0.000437370046095591"
"c362e819-51c8-483b-abe7-d3b4704706a6","27945.5729090976","113512.725963644","85567.153054546","14","11.9458643699072","0.693923925608982"
"c375c1d0-639c-4f06-b2da-94eeb0b8c7ad","39614.2034487129","113547.196029967","73932.9925812543","10","-25.8494816014287","0.564402102336733"
"c4199cf9-3294-4a66-ac37-5c788c9a0218","107212.046495181","135861.990571429","28649.9440762471","4","-7758.16192939599","0.113475354069116"
"c46ac7a9-03b6-4041-ada0-ad77047fbdcc","1692.5752117264","382456.031993007","380763.456781281","9","-67.8522511665291","0.751649250573325"
"c4ed3e21-660e-4b44-840c-a123185fe858","10536.0364006427","352233.058697953","341697.02229731","16","26.9887861859887","0.917867645023714"
"c621e58b-69e1-4698-a224-2ec2578862f3","7607.45528387477","26351.7490769231","18744.2937930483","3","29.7088807620245","0.012800287668303"
"c63aa476-cd47-413f-9c3d-397bb7a95916","-29.3639257442384","10214.2281034483","10243.5920291925","3","-4.17510816236451","0.670672738011887"
"c6803fd9-7177-4239-aa08-f623b4772f66","1204.31733576688","135034.577762764","133830.260426997","7","-165.551044546072","0.0217044206522237"
"c78b4a78-87b4-4192-9dc8-1589a1bda7ee","1742.61782432031","34626.8721759259","32884.2543516056","7","-50.2517324368657","0.208673196859485"
"c90a2b04-2ca6-43c4-8546-6c1b3ef41c06","189.011249363047","34465.2272222223","34276.2159728592","4","-39.307928269416","0.0208297482830645"
"c91a7f23-2378-4ce5-8176-ebffdbd7d2c8","1210.47301586806","36553.1788452088","35342.7058293408","3","-126.84276169679","0.0597732211029663"
"c9542b2a-b201-4e92-b165-a0356de32ac2","14932.9835049922","151032.037842809","136099.054337817","22","-151.994818312754","0.227743486675701"
"ca066aa9-7e44-4ae6-86b4-d387ecd87706","2332.47091679076","149183.378363636","146850.907446846","4","-1059.33390000792","0.00662704243286947"
"cab4713b-dcb3-41f7-ae45-40e2330bd998","9221.8994026684","56168.8986681034","46946.999265435","8","-123.427198902683","0.0134353194820858"
"cb4e5219-086c-4f10-8ad7-f285b5e3275c","26.1780483282473","3171.89017463617","3145.71212630793","8","-6.80068925689837","9.91571621827879e-05"
"cb9822a0-bd09-4599-9a53-def5fb0645f9","17668.6924671363","131090.031263442","113421.338796305","11","-205.405771252753","0.488358488591609"
"cd6184d3-a640-43ef-9d3b-e6153666d84a","7665.77614805681","-327843.129593596","-335508.905741653","7","-34.4165863727336","0.316126472074928"
"cdb1eeed-384d-40ed-80ba-8cb0a66382ed","14716.0691301575","59486.564484127","44770.4953539694","4","-56.7244722450402","0.391190069740819"
"ce1ac03c-63e7-496a-b06b-d6550d9546dd","24.9660921885189","8598.15239538239","8573.18630319387","3","-14.2119011667016","0.173255009106265"
"ce7c2d3f-0703-4660-aadb-53e1c9f53c4e","237260.352504277","429052.433473748","191792.080969471","25","406.33901131524","0.30743817036165"
"ced72dab-2633-4d63-9867-10a26f004e3b","151.403472298251","10970.5593650794","10819.1558927811","4","32.3817051950842","7.45144638934294e-06"
"ceecd992-2f42-4014-9e23-39cff0988565","-45.7950104983868","782692.61920059","782738.414211088","12","-640.845079753159","0.28815016526413"
"cef6d277-f89c-43cc-aab3-ca976584f1a2","63225.8639939633","105826.417055556","42600.5530615923","14","-90.2111648270478","0.221424845756007"
"cf7b20ad-fff2-4b1e-a488-c6378d44547f","1431.34617371081","282593.79802381","281162.451850099","10","-113.572780964682","0.412635717815005"
"d03e84e2-9f15-4958-a663-825bb9008c19","1256.65105238492","61899.4654920635","60642.8144396786","14","138.570751145813","0.184362015339917"
"d05da443-52b6-4eb9-b326-d2919a2ece21","9638.08119180393","971040.946662404","961402.8654706","8","-2271.9971087761","0.00422865097040845"
"d0f06395-bab5-49a7-9b60-3b48225c5847","8.67898947368421","410.104666666667","401.425677192982","1","1.08074375049443","0.0477160720019002"
"d13b07fd-405f-48bd-b1a5-dcbb8f555725","23.4164408064204","11128.2979513889","11104.8815105825","3","177.947824217116","0.000135903472614079"
"d164ca66-fba7-451c-84b2-de7d0d492b17","181.016716503009","262674.184818508","262493.168102005","7","-813.166820511359","0.0274250425487504"
"d21fbf18-69b4-4dc0-bdfb-0b9b2ef8e57a","54999.7176655281","134797.594470899","79797.8768053713","7","-104.084234976885","0.00856397837962738"
"d390de52-4dfd-4a20-876a-f9f3fb52b6c4","333.369020730612","92409.1709170732","92075.8018963425","3","-135.036751214196","0.0155145594994613"
"d3a07924-04c7-4f1b-8f78-d0d7dca6de35","97.8059104014797","4066.01949152542","3968.21358112395","2","-13.0388343073131","5.54933763157081e-10"
"d3b7d6ef-e63a-44f6-b7f3-a5801dcfd44d","44974.3526672412","1916645.03800178","1871670.68533454","13","-6041.21687947959","1.76639359104512e-05"
"d40914eb-5e04-433d-b008-a058a935aefd","5605.65707058447","13085.7676992754","7480.11062869089","6","-0.946397187561347","0.386471299781051"
"d43552d9-9103-43c1-be73-0b30d9ffb903","2970.20301197278","21836.9820361991","18866.7790242263","6","-51.171877189634","0.129406223000444"
"d497acdb-cc02-4b90-a4fb-24f1d92b3cef","14249.0204355763","104413.044021739","90164.0235861628","14","7.34763026014101","0.811087857819745"
"d4e736ff-774d-4a18-ade9-f1199143240a","2685.42689966291","333440.183452381","330754.756552719","3","-423.243414429676","0.173961811782817"
"d5315c81-87c2-4994-8dd4-a08dd832d632","-331.498509886331","11270.9722727273","11602.4707826136","4","56.1125930006129","0.00471232402748973"
"d5dcddc6-7619-4b34-8a69-31190fb52db3","4440.12668102507","35276.3667501998","30836.2400691747","19","2.62816956412587","0.868828039570129"
"d7201339-8446-4115-b353-cff8e2665585","18735.0320442356","116323.479933333","97588.4478890978","4","-107.36924362528","0.139243815841867"
"d72770b9-69fe-410a-a542-b4dd6fa7e3cc","390.979484307915","307828.527272728","307437.547788419","3","106.703098838287","0.589675679287024"
"d76c90e2-96d6-4922-afd7-db6f693bb4ac","3471.74551462944","33343.906127451","29872.1606128215","10","48.021964473369","0.0232733510697145"
"d782cb70-2f9e-475c-b747-84fb495127c7","7169.09750748996","18138.4208187985","10969.3233113085","5","-845.266055974157","0.00358510737631726"
"d7a49961-b255-42b2-a387-1a9ffcd19071","109494.093846154","110131.273333333","637.179487179487","3","-2518.48101941834","0.213972276831473"
"d870ea02-0c9a-4460-8470-f4715d49e40b","1126.27633406027","20774.1619766952","19647.8856426349","19","-27.3152014161321","0.146018405563023"
"d8c9459e-2df6-430c-ac2b-a51f6455fc2d","746.047133802648","57077.7002088106","56331.653075008","24","-40.9739543460484","0.377161215610737"
"d99ba25d-67d9-4d9a-b883-c0748df69210","12.0521052631579","343.485","331.432894736842","1","1.98736022326113","0.613894978478352"
"da4f43fa-5306-4271-9eb5-4565a843e6c5","3112.01553248155","227125.779568078","224013.764035597","12","-394.586365166197","0.174700714317943"
"da6843dd-36d6-4173-872e-e11daff1c630","-49.0543504400759","82725.1735506161","82774.2279010561","8","-29.0614668519792","0.432897526362265"
"da9ce560-b076-44a9-ba8b-7fed6f32bd18","25.951254327172","8104.61484669678","8078.66359236961","6","-20.3285915694105","0.0819880231345866"
"dad85f54-2d4e-4eb5-9934-92607768ac97","1297.90276829733","12861.8447333333","11563.941965036","6","-14.0873967581405","0.0684254348629653"
"daddc017-3d6b-464e-94c9-0767145f3a90","20199.5557225005","89441.8974799091","69242.3417574087","10","-11.2226898343387","0.199721167681754"
"db271d6d-4fce-4fd0-b8c1-42fb267686e0","2441.73402934983","42189.6025536398","39747.86852429","6","-129.722500613778","2.18747849043631e-07"
"dbe9e9a7-bef8-42a5-b198-34f5a8a2a4e3","47.2430127399533","55918.8643333333","55871.6213205933","4","-200.089622557369","0.0623204867017325"
"dc582f8d-e065-40c9-94c5-650654b2d642","-584.815774355685","-12758.5983634798","-12173.782589124","3","-26.6092008381758","0.00742110989508007"
"dd177610-3afc-4c34-bffc-e15d61496297","-638.898834125566","347207.999566705","347846.898400831","8","-606.873392922843","0.233882399162948"
"dd64a01a-4633-43f2-b049-e68aacbd0215","8259.17818029483","18667.5794896332","10408.4013093383","5","-17.8190932330264","0.349074097172633"
"de68bf4e-f8f2-43b6-8885-2d69d9240e95","71.3864882943144","4398.9268","4327.54031170569","1","7.13931707702559","0.063437708013332"
"df170346-9018-40cc-b045-5b4f46c34447","-142.869525764246","90439.7859262184","90582.6554519827","7","-419.779406017404","0.0163400363549996"
"df36c47a-2c9e-4a5e-aaaf-0a2c0877ed86","5018.54711397059","10038.0223529412","5019.47523897059","2","-6012.76502495068","0.147223088033551"
"df759c77-26df-47cb-ab24-9565e1107959","5910.62756910805","71511.3534260652","65600.7258569571","10","-9.96553376751715","0.911464923049678"
"e03890b4-a155-47aa-bd15-77db0a4a6b90","1347.5808336351","21792.5184074074","20444.9375737724","9","4.36023854752341","0.845230918891419"
"e14d1c1c-207b-44bb-88a4-1f404c10156f","3037.00276517495","316180.352138299","313143.349373124","13","-918.273467640471","0.171823288908962"
"e168e849-4e40-472a-baab-50f077ab9689","12.1578181818182","286.577142857143","274.419324675325","1","-0.12543665055177","0.932828066425221"
"e1ee1056-3f26-4464-9f40-74cccae3213b","10702.9460357644","80413.6748278671","69710.7287921027","7","-11.8578130062471","0.880396316245972"
"e3543d35-de43-4bd7-a7eb-ec29a0e920bc","-90.8823744380502","63392.4019642857","63483.2843387238","6","-92.5525692002672","0.227022954571868"
"e35e1dce-cdaf-4e82-89c7-ed5781a1a9e1","18648.8549491108","59577.7685170974","40928.9135679865","13","-30.5966110059763","0.61583450489207"
"e43df360-6fb8-4ff0-a75a-b45a8bd9909d","3347.61040579294","211117.274027586","207769.663621793","3","-423.243414429676","0.173961811782817"
"e58ada3a-86ed-4f82-a3a8-9f97e77c1a0c","22847.2426582492","73162.2402592259","50314.9976009768","27","128.48940065376","0.557151406936387"
"e5ad50f4-1859-40d9-aac3-cedc5600cd6f","11231.7224776299","12691.1574074074","1459.43492977749","3","-4.95084903639992","0.155772867585492"
"e637ede4-b083-4b0d-be46-f04191321c4f","-6.34725752508361","1709.30516129032","1715.65241881541","1","-0.271927585513348","0.895355179894686"
"e685e4f7-7570-4135-b071-d2b9a19a374f","2075.05624507654","105708.60854769","103633.552302614","3","234.485243186678","0.0128334973486468"
"e6acd486-4ef5-4de2-8234-57daa9d8ab9b","3637.95579661197","91202.716011466","87564.7602148541","7","-257.552641369663","0.00207471857608761"
"e6e9c127-4643-4c35-8097-734ecef1f065","70548.9690004274","345497.648951569","274948.679951142","19","1.65197196883272","0.962758329356982"
"e7cc52b5-b0d0-41e2-b1f8-73708cf518e3","5481.31791276371","50552.9566481977","45071.638735434","38","-159.980705739814","1.35726397345663e-14"
"e871521f-3d1d-4529-a071-4fea3aaab795","15.2366925722993","5882.01128030303","5866.77458773073","4","-3.26356044438402","0.514152256505271"
"e8722438-8def-4061-8482-cb6800a8eed6","22158.9866701559","45913.9307971015","23754.9441269456","6","-251.157754270329","0.0731105752108935"
"e87ba497-41b8-4744-b3d8-f1b4cb2e331d","207.576748911466","6502.83657894737","6295.2598300359","2","-7.32095182141408","0.081526849206374"
"e8c8977e-3655-41b8-90f6-5116972de36b","1002.30436149206","93897.2301923077","92894.9258308156","8","-428.163213634746","0.180893406395034"
"e9158c7d-482e-448d-a961-33ee16849582","11094.2604781865","105046.4758598","93952.2153816138","6","-166.50128214233","0.115067662407175"
"e915d8e1-ac07-45de-9f42-dfd88903b262","814.950010928284","97143.3027484018","96328.3527374735","6","157.559536572739","0.0654933908478658"
"e94e7d95-6e48-4541-84ff-97d4c6381685","-2.92366771159875","2100.52130434783","2103.44497205942","1","4.14264196160946","0.254178952179718"
"e955951f-372b-4b23-bbec-322a48279409","137.951715357338","3946.75229673299","3808.80058137566","5","-13.8436656564941","5.58161892021225e-08"
"e9919079-5868-40dd-8189-b0e9cbd6af78","138.025824783508","13497.78","13359.7541752165","6","31.7271628530882","0.237879544070351"
"eb05235b-431e-4916-bf77-36a48c5bba9f","11326.8416604619","16928.690745614","5601.84908515209","4","-14.6614925194803","0.0442851456906298"
"eb292043-bb74-422a-a8da-b9ca36a4fb79","-637.758582676699","280967.193309758","281604.951892434","10","-616.053881986849","0.0949530956175113"
"eb6fe492-208b-4692-b478-11df16d51c6c","-40.7743316083496","19008.0196","19048.7939316083","2","-38.3580911062754","0.0362023964483877"
"eb9c1ff5-6ba1-4fed-bace-1183a70555e5","9699.80441648102","333764.520172078","324064.715755597","28","-655.752307122258","0.0532451329853001"
"ebcfe1a0-ec60-4979-8d63-d6a262b0e20d","-6.4750551155931","5287.13816558898","5293.61322070457","7","-10.5259610857641","1.38379308908923e-05"
"ec33a155-ffe2-4bba-b4a3-845633fafbef","8730.19157178891","166494.901122145","157764.709550356","7","-211.701797425761","0.0651905323728481"
"ee202b04-07dc-4bab-8ad5-b2c167b5b8eb","7926.49960130482","15012.092","7085.59239869518","3","-237.077031120568","0.0485142766427566"
"eea935ea-2b68-47e1-932f-88e56d5f91ef","1366.00055245038","96795.752","95429.7514475496","3","-147.00787388259","0.0321067982511104"
"eec86174-7455-4395-beb1-88f9dc5bdd8e","43.4607993471598","156233.302165759","156189.841366412","4","-510.781499485163","0.00225559803820242"
"ef50fc24-a528-4b58-9163-72e5788478d7","19549.7025278201","155421.639683794","135871.937155974","6","76.1401279062129","0.678999627551516"
"f0508b0b-75cd-4a6d-b598-e09d1168ffbf","113.750785078738","19509.4125","19395.6617149212","3","35.8961854464068","0.118661403695072"
"f06f27ff-e4ef-42da-a0df-673f07e233d8","-14.4746607960615","9743.6905595428","9758.16522033886","5","5.21396486219517","0.357679783919902"
"f107b752-f2a3-4017-bcad-0f02faf317b4","1053.34373586899","70703.5837959866","69650.2400601176","4","99.2477155703749","0.0442887493092049"
"f1c5e7cc-2bf8-4e57-b28a-9061b5ff344c","324.134115226337","10234.1738095238","9910.03969429747","1","7.04254008986849","0.602015481499572"
"f25d7137-de98-46f0-9ca5-6b4e500952d9","7.68597701149425","1899.88933333333","1892.20335632184","1","0.894963029403965","0.76322302987456"
"f3378499-62e2-40f5-9d6e-76fac2f492a9","24825.944387626","319480.687142857","294654.742755231","28","-5093.38216674269","0.0408695128330746"
"f35bdddd-9011-454e-904d-b491caae1be0","-54.8908189384816","10601.0428079877","10655.9336269262","4","-42.7284146627282","0.0215940407060037"
"f4be41ad-6541-4256-8888-48737215a33b","992.659610652181","19742.9362163947","18750.2766057425","7","-21.9676169501153","0.0311913416818695"
"f4fade1c-1356-40c1-80c0-cd16d2a73c58","99.8061956164384","929.536297841531","829.730102225091","13","79.0792561785052","0.0289931073702726"
"f5991530-132f-4b11-aa6f-e717072726d9","3919.33735244381","53444.6939492754","49525.3565968316","7","207.801168249266","2.28837951036132e-05"
"f62d6324-2ba5-4f0c-acb9-6bfab0d6d3ad","2839.55469122024","528036.878505747","525197.323814527","3","-658.565486659838","0.130231095223782"
"f6696cfd-1446-438e-8a06-cc29cef0699d","1.91708877488274","8063.20979166667","8061.29270289178","4","24.651894682403","0.0168141179850732"
"f6a31165-b67c-409a-bd83-741eedeec15f","519.221751501366","26762.6426503759","26243.4208988746","6","84.3962129901426","0.125191948724494"
"f6d18bd6-d3ea-4bcf-a1ac-f5b83b55aa1e","-740.814380885594","17514.8870833333","18255.7014642189","3","-16.7785625629805","0.960968972209623"
"f6d2ce96-3906-4b28-a5e0-1ae95d0eb0f5","-92.8197064989518","21930.3491666667","22023.1688731656","1","-40.4185034461115","0.163291944026482"
"f8ff8c72-dedd-40df-8da8-ada708971aa5","134.648037881757","36063.0885647309","35928.4405268492","7","-152.482972768536","1.0622855568644e-05"
"f98f6231-efd8-45a3-bfb4-e227a69dc5a1","393.314625359138","257410.807850679","257017.49322532","10","-21.7901849978291","0.778820060772518"
"fa1d140d-32d1-4e32-be13-7e3041e75165","2232.61769967468","93382.303654583","91149.6859549083","12","-192.691619134222","0.0717200977549861"
"fa4fee6a-8799-4437-9641-737f302e7ae4","10783.6613413651","1125450.9137625","1114667.25242114","15","-1807.75231366803","0.0428334142638251"
"faa0b55c-5a62-4616-be63-d575bc085b65","67.8207741262131","21562.5352527473","21494.7144786211","4","-29.3584739633532","0.154951214281084"
"fb26f0f0-b0ed-4ce8-a075-96feb65854c1","5671.25378657144","324604.026447993","318932.772661422","18","-700.413539857431","0.00166391954873166"
"fb5d1a14-5569-42f8-baba-9151242ab2ac","2565.52462982353","156057.541772616","153492.017142793","11","-341.706406195848","4.06184514111622e-05"
"fba87679-1ab0-4dab-a848-90a21b0dd14f","9100.21575745449","1053691.98059913","1044591.76484167","8","-1906.20628987867","0.00546079387997806"
"fbbf7084-ea24-493e-8b92-42fb7240b750","851.015413116971","89602.1841548387","88751.1687417217","3","-121.972269476304","0.025886178069514"
"fc01dd84-4458-4f82-b74a-efaf3dfef02e","6530.779811375","449416.982167573","442886.202356197","27","-1105.6687860845","0.0925865248071408"
"fc9e4cbd-6878-4928-a69f-70f5f6ff5bec","34979.474291252","70453.2379345219","35473.7636432698","9","-8.631767685005","0.522812608377524"
"fcf6bb77-0cea-46e3-b6e1-1a1f0a343b4e","18920.3884360335","56622.7620176199","37702.3735815864","12","-35.5249889504269","0.155132783242617"
"fd253ffb-0a1f-4e80-94d8-e5527a8cb157","-996.225721541925","554070.161726561","555066.387448103","24","-412.565402215148","0.322358495889079"
"fd333c9a-bd89-4a59-8528-273d05418c9d","18016.4482767988","387706.729632999","369690.2813562","6","-604.481029947619","0.187040581327966"
"fd35e05b-1a3a-43bb-92a3-b6920f8bc08c","-165.992629321532","118195.877035948","118361.86966527","6","-68.9001659709845","0.165438168129365"
"ff3c64e2-35f7-4b94-86ca-39c73eb48e73","89217.7350644767","102877.393891895","13659.6588274184","12","-38.0429482757441","0.126271949983546"
"ff436d63-450a-4f45-925f-c908554883bd","11559.0074358997","139950.702182957","128391.694747058","6","-118.235667674","0.383129007167855"
